,datetime,post
0,2021-10-08 23:52:50,"BREAKING: @exxonmobil is buying the cryptocurrency @polkadot, which can be bought by retail investors on @coinbase.‚Ä¶ https://t.co/8QX8eh4rfF"
1,2021-10-08 23:08:32,"New rules needed to cover risks from cloud computing, says Bank of England $GOOG $MSFT https://t.co/c7r6SdchhV"
2,2021-10-08 23:06:32,$goog https://t.co/piUMNmuQFg
3,2021-10-08 23:02:19,@otcgorilla @IamnotJaden It might be a holding company for Swapp and/or others. Time will tell but the name of the‚Ä¶ https://t.co/EJPbpYd4qR
4,2021-10-08 23:00:07,"Stock: $GOOG - Alphabet Inc.
*** NEWS ***
4 Top Stock Trades for Monday: GOOGL, SPY, GLD, OPEN -‚Ä¶ https://t.co/AjAJgy85mT"
5,2021-10-08 23:00:03,"„ÄêGAFAM„Äë
üì± $GOOG 2801.12 (+0.63%)
üõí $AMZN 3288.62 (-0.42%)
üìò $FB 330.05 (+0.25%)
üçé $AAPL 142.90 (-0.27%)
üñ• $MSFT 294‚Ä¶ https://t.co/OdZEUhEt8Y"
6,2021-10-08 22:30:00,"Today's Top Bearish Flow... üêª

$TSLA $BABA $GOOGL $SQ $GOOG $AAPL 

üëâhttps://t.co/2s8fBQeg5O

#options #stockmarket‚Ä¶ https://t.co/twUXZ1YxTv"
7,2021-10-08 22:26:32,UPDATE 1-Tesla speeds the EV industry's South by Southwest drive $TSLA $BYD $F $DELL $GOOG https://t.co/QsjTXXtkFi
8,2021-10-08 22:26:26,"$GOOG Remember, Long-term economic resilience is strong. Short term, lot of ups &amp; downs coupled with panic selling.‚Ä¶ https://t.co/FJw9XJpUZ5"
9,2021-10-08 22:25:32,"Google To Deliver 10,000 Security Keys To High Risk Users $GOOG $GOOGL https://t.co/KpWLbpBSSc"
10,2021-10-08 22:23:31,"Lawmakers Pitch FTC To Rein Facebook, YouTube For Safety Of Children $FB $GOOG $GOOGL https://t.co/uH2DqZEIg7"
11,2021-10-08 22:18:34,"RT @Tickeron: $GOOG in Uptrend: price expected to rise as it breaks its lower Bollinger Band on September 28, 2021. View odds for this and‚Ä¶"
12,2021-10-08 22:14:32,"$GLD $GOOG $GOOGL $SPY - 4 Top Stock Trades for Monday: GOOGL, SPY, GLD, OPEN https://t.co/F673U442ok https://t.co/cD5rnAl5JT"
13,2021-10-08 22:12:57,"$GOOG in Uptrend: price expected to rise as it breaks its lower Bollinger Band on September 28, 2021. View odds for‚Ä¶ https://t.co/qRryIKlwbH"
14,2021-10-08 22:10:25,"@NFTR11984165 @DeGodsNFT Oh man, your @DeGodsNFT looks rare. Time to buy some $GOOG stock ü§£"
15,2021-10-08 21:58:02,$FB $GOOG EXPLAINER: How global deal stems corporate use of tax havens https://t.co/b9rDxCGSQN
16,2021-10-08 21:53:05,Which company is better in your opinion? $GOOG or $AMZN
17,2021-10-08 21:48:28,"Google Flights shows carbon emissions for every flight now.

Welcome to the future. $GOOG https://t.co/P7FqvPXZqL"
18,2021-10-08 21:42:02,$GOOG ‚Ä∫ just doesn't want to quit . momentum clearly in the bullish favor with an ascending wedge breakout in forma‚Ä¶ https://t.co/MLkR4S7ayr
19,2021-10-08 21:32:06,"In today's recap, I go over latest monthly jobs report 

https://t.co/0RCXWExhqY

Sign up to receive at mailbox for‚Ä¶ https://t.co/7whVBcGRHu"
20,2021-10-08 21:30:10,Scan results - Crossed Above 50 DMA today: $HESM $SOHU $DV $MFC $LILM $KKR $PII $HUM $HTGC $CB $GBT $UBS $SONY $UNP‚Ä¶ https://t.co/3ZzDjiGvZX
21,2021-10-08 21:21:41,RT @marketeuphoria: @LTCM_Analyst Believe that all 3 of them have a large runway even in core biz. 200mm bizs use $FB with only 10mm of the‚Ä¶
22,2021-10-08 21:13:29,"RT @realMeetKevin: BUY THE DIP. Buy fear. Sell Greed.

Fear over jobs goes away 10-8.
Fear over Evergrande is almost gone.
Fear over CPI/in‚Ä¶"
23,2021-10-08 21:00:01,"Today's Most Active Calls...

$AMZN $AAPL $MRNA $TSLA $MGM $GOOG

üëâhttps://t.co/2s8fBQeg5O

#options #stockmarket‚Ä¶ https://t.co/YATRFwBXlc"
24,2021-10-08 20:58:02,US Ministry of Truth $GOOG https://t.co/kyMywrq3QW
25,2021-10-08 20:52:39,"@thomasg_grizzle Totally agree. Unfortunately, this may also mean $FB  and $GOOG."
26,2021-10-08 20:50:25,"RT @Albert_trades: Significant names with bearish engulfing candles on this months close:

$AAPL, $MSFT, $GOOG, $FB"
27,2021-10-08 20:46:32,Facebook‚Äôs Problems Have Grown. The Will to Regulate Hasn‚Äôt. $FB $GOOG https://t.co/8Kfhspbm7l
28,2021-10-08 20:43:46,"RT @CanadaCrude: Sundial Growers' Stock $SNDL Announced Acquisition Of Liquor &amp; Cannabis Retailer #Alcanna

$BRK.A $LDSVF $NVR $AMZN $SEB $‚Ä¶"
29,2021-10-08 20:42:07,"RT @Albert_trades: $GOOG

Held the 21 EMA and remained very constructive.

True market leader looking ready for a push through towards $300‚Ä¶"
30,2021-10-08 20:37:02,"RT @Albert_trades: $GOOG

Breakout continuation, taking out targets 1 and 2.

$3000 on the way! https://t.co/OevoQvJst9"
31,2021-10-08 20:36:50,"RT @Albert_trades: $GOOG 2800c will close $100 in the money today, for a potential gain of +750%.

That's $1200-$10,000

$NVDA 215c will cl‚Ä¶"
32,2021-10-08 20:35:43,"RT @Albert_trades: $GOOG

Daily triangle breakout into all time highs! https://t.co/cEU6Yu6pXS"
33,2021-10-08 20:35:40,that $GOOG $GOOGL reinvestment rate in a normal year was higher and that the reinvestment rate in 2020 would be the‚Ä¶ https://t.co/pfjnu9A6QF
34,2021-10-08 20:35:34,"RT @Albert_trades: 8/22 Options Watchlist

$AMD over 106.5, 110c
$NVDA over 209, 215c
$NFLX over 551, 560c
$SQ over 267, 270c
$GOOG over 27‚Ä¶"
35,2021-10-08 20:35:22,"RT @Albert_trades: $GOOG

Daily triangle setup, if FAANG stocks continue to fuel the market rally--Google can see new highs! https://t.co/5‚Ä¶"
36,2021-10-08 20:29:59,I came to update my $GOOG $GOOGL model today after an insightful conversation with @masoncdomino and came to realiz‚Ä¶ https://t.co/b9y3swOCRN
37,2021-10-08 20:25:10,"Friday's Top Flow in #NASDAQ #NASDAQ100, Buy Flow &amp; Sell Flow $ADBE $AMGN $ADP $BIDU $FB $VRSN $CTXS $AMZN $SBUX‚Ä¶ https://t.co/IB57fo97UE"
38,2021-10-08 20:23:39,@LTCM_Analyst Believe that all 3 of them have a large runway even in core biz. 200mm bizs use $FB with only 10mm of‚Ä¶ https://t.co/bh1SelFSGQ
39,2021-10-08 20:19:51,"Bull Forecasts
October 08, 2021 13:15:00 PDT
üêÇüêÇüêÇüêÇüêÇ
ticker : log change intraday
$AMZN : -0.62
$GOOG : -0.06
$GOOGL‚Ä¶ https://t.co/xjjrStinb1"
40,2021-10-08 20:19:19,"RT @SVAInsights: This week's look at the FANG stocks!

https://t.co/JqTf2Vc0QZ

$FB $AAPL $AMZN $NFLX $NVDA $GOOG $MSFT"
41,2021-10-08 20:18:57,"This week's look at the FANG stocks!

https://t.co/JqTf2Vc0QZ

$FB $AAPL $AMZN $NFLX $NVDA $GOOG $MSFT"
42,2021-10-08 20:17:24,"$RGS OH MY GOD!! 6 Million Buy! Only 32 million FLOAT!!! #SHORTSQUEEZE #REDDIT ARMY

$CEI $LCID $PLTR $DASH $NAKD‚Ä¶ https://t.co/5RPifgHgzn"
43,2021-10-08 20:17:16,RT @JM82693: StrikeForce is coming and you know it. $SFOR $MSFT $GOOG $CRN $ORCL
44,2021-10-08 20:05:33,@LTCM_Analyst But $AMZN's ads also impact the UI &amp; user experience in a similarly negative way that you are describ‚Ä¶ https://t.co/arVuGSoBgh
45,2021-10-08 20:05:03,"Top #moneyflow for #sp500 today
$AAPL $NVDA $T $AMD $GOOG $HD $MSFT $JPM $BAC $HBAN ...
https://t.co/S59zN18Con"
46,2021-10-08 20:05:02,"Top #moneyflow for #nasdaq today
$AAPL $NVDA $GOOG $MSFT $ATVI $VRTX $CMCSA $ADBE $MU $XLNX ...
https://t.co/S59zN18Con"
47,2021-10-08 20:00:28,$GOOG Beauty! @TradesLion https://t.co/ltvQReEZUl
48,2021-10-08 19:59:48,STO $GOOG 2600p 10/15 $2.20 cr.
49,2021-10-08 19:58:31,EU Questions Microsoft Peers Following Slack's Complaint $MSFT $ZM $GOOG $GOOGL $FB https://t.co/p1WK5WVMv4
50,2021-10-08 19:56:19,"SWEEP 204 $GOOG 10/15/21 $2820 calls for $19.20 

Spot: $2798.05
Volume: 467
OI: 384
IV: 18.54%
Premium: $391.7k
Se‚Ä¶ https://t.co/nICxUdGRk3"
51,2021-10-08 19:55:38,$GOOG Waiting for Short signal on GOOG with https://t.co/sxj8WuVZJB https://t.co/Y2IDJCXDl1
52,2021-10-08 19:45:00,"Most Searched Stocks üîé

Ticker ¬∑ Price ¬∑ Change ¬∑ Change(%)

$AAPL       142.96$   -0.33$   -0.23%
$FB           33‚Ä¶ https://t.co/KVAZxs00Ur"
53,2021-10-08 19:34:31,"$GRST - ETHEMA HEALTH CORP

MOVING UP

- POTENTIAL MANY 1,000%++++ GAINS
- MILLIONS WILL BE REPORTED IN REVENUE
- M‚Ä¶ https://t.co/cwyg9gnHmh"
54,2021-10-08 19:31:14,A California investment firm went from near ruin to managing over $100 billion: Its turnaround may offer solutions‚Ä¶ https://t.co/2phS601pBX
55,2021-10-08 19:29:48,"Most Searched Stocks üîé

Ticker ¬∑ Price ¬∑ Change ¬∑ Change(%)

$AAPL       143.29$   -0.00$   -0.00%
$FB           33‚Ä¶ https://t.co/GdiqwfFghm"
56,2021-10-08 19:19:54,#Options Flow Stream Update $AMZN $TSLA $GOOG $X $GDX $DOCU $KRE $XBI $PLTR $SPY $QQQ $SPX #OptionsTrading‚Ä¶ https://t.co/MlHjFuCVkl
57,2021-10-08 19:19:12,"üé£üé£
GOOG Put
Lottoüé±
$GOOG
#GOOG
üêüüê† https://t.co/sItjfEoopc"
58,2021-10-08 19:19:09,#Options Flow Stream Update $AMZN $TSLA $GOOG $X $GDX $DOCU $KRE $XBI $PLTR $SPY $QQQ $SPX #OptionsTrading‚Ä¶ https://t.co/B4TR3zt3gZ
59,2021-10-08 19:18:28,$GOOG $GOOGL $UPST NEW ARTICLE : Upstart and Artificial Intelligence: A Match Made to Disrupt‚Ä¶ https://t.co/OABsAPzxcw
60,2021-10-08 19:18:27,#Options Flow Stream Update $AMZN $TSLA $GOOG $X $GDX $DOCU $KRE $XBI $PLTR $SPY $QQQ $SPX #OptionsTrading‚Ä¶ https://t.co/WKCJAelkBx
61,2021-10-08 19:16:50,Hourly Market overview. $ES $NQ $YM $RTY $NVDA $BA $FB $AAPL $AMZN $NFLX $AMD $JPM $GOOG $MSFT $TSLA $DIS $MSTR‚Ä¶ https://t.co/bpBPdDt9Fr
62,2021-10-08 19:14:26,@DvdndDiplomats $GOOG is the only one right now I own 6 shares and it is 5 percent of my portfolio
63,2021-10-08 19:13:31,"Most Searched Stocks üîé

Ticker ¬∑ Price ¬∑ Change ¬∑ Change(%)

$AAPL       143.28$   -0.01$   -0.01%
$FB           33‚Ä¶ https://t.co/fX5vzKsdX8"
64,2021-10-08 19:11:15,$GOOG Waiting for Short signal on GOOG   with https://t.co/WBARPaK0Cc https://t.co/g3j42f3WcS
65,2021-10-08 19:05:45,RT @OCDstocks: $PUGE has huge acquisitions and revenue growth üëá $NOK $VALE $NIO $ABEV $S $XHR $DWPD $fb $goog $jnj $jpm $abc $wmt $cvx $hd‚Ä¶
66,2021-10-08 19:04:02,$PUGE has huge acquisitions and revenue growth üëá $NOK $VALE $NIO $ABEV $S $XHR $DWPD $fb $goog $jnj $jpm $abc $wmt‚Ä¶ https://t.co/nbGI0tmMjT
67,2021-10-08 19:04:01,StrikeForce is coming and you know it. $SFOR $MSFT $GOOG $CRN $ORCL
68,2021-10-08 19:03:20,"$GOOG @Google  @gmail @GooglePlay @sundarpichai $AAPL  @Apple @AppleMusic
@AppleSupport @appstore @tim_cook
 
URGEN‚Ä¶ https://t.co/aIDcejs7qo"
69,2021-10-08 19:00:57,"$TDOC can‚Äôt sleep on $GOOG, I like this $HTLH partnership a lot. 

Ultimately diagnostics &amp; telemetry will be off p‚Ä¶ https://t.co/F33KUFjox7"
70,2021-10-08 19:00:35,"Let the bullish sentiment fly

$KT WINS WBA 'BEST #WiFi  #NETWORK

https://t.co/slJovONFSw

$AAPL $AMZN $BA $CMCSA‚Ä¶ https://t.co/aOuxnwBta0"
71,2021-10-08 18:58:16,"Most Searched Stocks üîé

Ticker ¬∑ Price ¬∑ Change ¬∑ Change(%)

$AAPL       143.06$   -0.23$   -0.16%
$FB           33‚Ä¶ https://t.co/zFo5Efk4XR"
72,2021-10-08 18:51:01,"$GOOG @Google @gmail @GooglePlay @sundarpichai
$AAPL @Apple @AppleMusic @AppleSupport @appstore @tim_cook 
 URGENT‚Ä¶ https://t.co/cg9nSIhGgE"
73,2021-10-08 18:50:40,Just had my oil changed but not at the dealership (which was booked solid). If $GM $F and the rest acted like $AAPL‚Ä¶ https://t.co/4rdGSXmW70
74,2021-10-08 18:47:18,"$GOOG is expanding its news curation business, ""highlighting the most authoritative facts"" in real time. Can't be g‚Ä¶ https://t.co/ZRFOwLTexX"
75,2021-10-08 18:46:23,"There needs to be some stock splits
$AMZN
$GOOG
$GOOGL
$TSLA
$NFLX
$COST

JMHO"
76,2021-10-08 18:42:02,"Most Searched Stocks üîé

Ticker ¬∑ Price ¬∑ Change ¬∑ Change(%)

$AAPL       143.25$   -0.04$   -0.03%
$FB           33‚Ä¶ https://t.co/jRzQfVQ3Ie"
77,2021-10-08 18:35:58,Updated taxable portfolio: Oct 7. more concentrated: $goog $fb $iac $baba $amzn $expi $se $meli dollar cost averaging.
78,2021-10-08 18:35:55,Tech was weaker today but $GOOG $GOOGL seems to be a leader https://t.co/zaCAxm15N4
79,2021-10-08 18:34:47,"With SpaceX's new $100B valuation &amp; Starlink nearing mass commercialization, I think it's time @elonmusk makes effo‚Ä¶ https://t.co/YpTzvIdMM4"
80,2021-10-08 18:33:59,"$GOOG @Google @gmail @GooglePlay @sundarpichai
$AAPL @Apple @AppleMusic @AppleSupport @appstore
URGENT 

$DATS  Dat‚Ä¶ https://t.co/Yq7luSiL2f"
81,2021-10-08 18:32:20,"$GOOG @Google @gmail @GooglePlay @sundarpichai $AAPL @Apple @AppleMusic @AppleSupport @appstore URGENT 

$DATS  Dat‚Ä¶ https://t.co/5Q1L4qgpcw"
82,2021-10-08 18:30:32,"$GOOG @Google @gmail @GooglePlay @sundarpichai $AAPL @Apple @AppleMusic @AppleSupport @appstore URGENT 

$DATS  Dat‚Ä¶ https://t.co/a5UrvWoOge"
83,2021-10-08 18:29:55,"‚ÄúInvest in what you consume‚Äù - Sha Osman

$LCID $AMZN $MSFT $HCMC $AAPL $SPY $TSLA $FB $GOOG $BABA $SQ $NFLX $NVDA‚Ä¶ https://t.co/7QBWOhgJVv"
84,2021-10-08 18:29:28,"Welcome to our CHATROOM
Of Traders

$SPY $ES_F $BA $CLVS $SRNE $DVAX $ACB $OSTK $TRIL $LK $CODX $SAVE $GSX $INO‚Ä¶ https://t.co/HEJK3xPxbD"
85,2021-10-08 18:26:48,"Most Searched Stocks üîé

Ticker ¬∑ Price ¬∑ Change ¬∑ Change(%)

$AAPL       143.19$   -0.10$   -0.07%
$FB           33‚Ä¶ https://t.co/BpFd8Gy6mB"
86,2021-10-08 18:26:00,Lawmakers urge FTC to make tech firms abide by youth platform policies $FB $GOOG $GOOGL $TWTR $SNAP https://t.co/lWGmhFdSHr
87,2021-10-08 18:25:18,"$DOYU $QFIN $GOOG $MSFT
Lesson #1 : Buy the dip
If company fundamentals didn't change.. buy the dip
Even if people‚Ä¶ https://t.co/OUXtd1hR60"
88,2021-10-08 18:21:50,"üé£üé£
GOOG Call
Lottoüé±
$GOOG
#GOOG
üêüüê† https://t.co/gjEUhFCoLu"
89,2021-10-08 18:21:04,$AAPL $GOOG $GLD $QQQ $SPY $VFF $TLRY $KBH $LEN $GE $T $F $GM $TSLA $HTSC $GRNF $MTCH $RIOT $MARA $IRRZF $KOAN‚Ä¶ https://t.co/62fBdDju2D
90,2021-10-08 18:18:13,"RT @RicardinhoMuc: $Hcanf Oversold - Rebound

$AMC $GME $SAVA $CLOV $BBIG $WKHS $BCTX $TSLA $MRIN $NURO $ORPH $CARV $FUV $POAI $SLNX $CLBS‚Ä¶"
91,2021-10-08 18:17:39,"Sundial Growers' Stock $SNDL Announced Acquisition Of Liquor &amp; Cannabis Retailer #Alcanna

$BRK.A $LDSVF $NVR $AMZN‚Ä¶ https://t.co/KXiCR3h5N7"
92,2021-10-08 18:10:46,"Most Searched Stocks üîé

Ticker ¬∑ Price ¬∑ Change ¬∑ Change(%)

$AAPL       142.94$   -0.35$   -0.25%
$FB           33‚Ä¶ https://t.co/xPDfrXDfAr"
93,2021-10-08 18:09:43,"$Hcanf Oversold - Rebound

$AMC $GME $SAVA $CLOV $BBIG $WKHS $BCTX $TSLA $MRIN $NURO $ORPH $CARV $FUV $POAI $SLNX‚Ä¶ https://t.co/LhHEMegcDs"
94,2021-10-08 18:03:22,"RT @stickycactusink: since $KT is getting severely kicked in the nuts lately, here is some news.

KT IMPLEMENTATION CEO LAUNCHES #AI-POWERE‚Ä¶"
95,2021-10-08 18:00:24,@ourWallSt @StockMarketNerd @Crussian17 @teshen8lin @fromSPACville @TaroTo6 @MartyChargin @JonahLupton‚Ä¶ https://t.co/HwyiqyOHmv
96,2021-10-08 17:56:16,"$GOOG Pullbacks or corrections are good. Instead of FUD, learn to FOMO when you see good discount on Xceptional bus‚Ä¶ https://t.co/7R2eXXntmc"
97,2021-10-08 17:56:08,"#ECB, at the panel on ‚ÄúCross-border dimensions of non-bank financial intermediation: what are the priorities for bu‚Ä¶ https://t.co/zHO717yAyV"
98,2021-10-08 17:55:32,"Most Searched Stocks üîé

Ticker ¬∑ Price ¬∑ Change ¬∑ Change(%)

$AAPL       142.74$   -0.55$   -0.39%
$FB           33‚Ä¶ https://t.co/GppGhB8doe"
99,2021-10-08 17:49:35,"@cap_zay @LiviamCapital 

Top 5 Positions:

- $GOOG
- $FB
- $AMZN
- $AAPL
- $SE

#fintwitfolio

https://t.co/QWbIfygeto"
100,2021-10-08 17:49:05,"RT @RicardinhoMuc: $Hcanf Oversold üö®

$AMC $GME $SAVA $CLOV $BBIG $WKHS $BCTX $TSLA $MRIN $NURO $ORPH $CARV $FUV $POAI $SLNX $CLBS $HOOD $A‚Ä¶"
101,2021-10-08 17:48:30,"Lawmakers urge FTC to make tech firms abide by youth platform policies
$FB $GOOG $GOOGL $TWTR $SNAP"
102,2021-10-08 17:48:26,"Lawmakers urge FTC to make tech firms abide by youth platform policies
$FB $GOOG $GOOGL $TWTR $SNAP"
103,2021-10-08 17:45:58,@Keubiko $GOOG üòé
104,2021-10-08 17:45:33,"Big Tech, Saudi Oil, And the Pursuit of $100 Billion Profits $AAPL $MSFT $AMZN $GOOG $VOD https://t.co/JEEDp332E2"
105,2021-10-08 17:45:00,"@ChadPalantard Because of AI, Google is able to x3.4 their market cap in less than 5 years. For the size of $goog!‚Ä¶ https://t.co/SKHurWo5d6"
106,2021-10-08 17:43:53,"RT @earningsflyinc: Top 15 Artificial Intelligence stocks with market cap over 1 billion today. 

üëâ https://t.co/JkeqfGdrjq

$DAO $GH $TWLO‚Ä¶"
107,2021-10-08 17:40:51,"RT @earningsflyinc: Top 15 Artificial Intelligence stocks with market cap over 1 billion in 5 days. 

üëâ https://t.co/JkeqfGdrjq

$DAO $MSFT‚Ä¶"
108,2021-10-08 17:39:03,"Most Searched Stocks üîé

Ticker ¬∑ Price ¬∑ Change ¬∑ Change(%)

$AAPL       142.76$   -0.52$   -0.37%
$FB           33‚Ä¶ https://t.co/hv6RC2LHVl"
109,2021-10-08 17:38:20,"RT @earningsflyinc: Top 15 Artificial Intelligence stocks with market cap over 1 billion in 60 days. 

üëâ https://t.co/9DknM3eL58

$UPST $TS‚Ä¶"
110,2021-10-08 17:36:37,"Inflationary views mean that you SHOULD be buying $FB $GOOG

Their costs are not quite fixed but they have leverage‚Ä¶ https://t.co/3vAEeJrmEI"
111,2021-10-08 17:34:45,World leaders reach landmark deal on a global corporate tax rate of 15% min. How will it affect $AMZN $FB $AAPL‚Ä¶ https://t.co/J54Fqf4Sps
112,2021-10-08 17:32:44,Insiders say @GoogleCloud CEO Thomas Kurian's secret weapon against Amazon and Microsoft is giving its salespeople‚Ä¶ https://t.co/JeizVTkHYG
113,2021-10-08 17:31:00,üî• #StocksToBuy üì¢ #WHSI ~ Castle Placement Named Exclusive Placement Agent for Wearable Health Solutions Inc. $WHSI‚Ä¶ https://t.co/byWQHExUNH
114,2021-10-08 17:30:01,"$Hcanf Oversold üö®

$AMC $GME $SAVA $CLOV $BBIG $WKHS $BCTX $TSLA $MRIN $NURO $ORPH $CARV $FUV $POAI $SLNX $CLBS‚Ä¶ https://t.co/5YBd5RZQNM"
115,2021-10-08 17:26:39,"""We can't do this alone!"" - $GOOG $GOOGL"
116,2021-10-08 17:23:51,"Most Searched Stocks üîé

Ticker ¬∑ Price ¬∑ Change ¬∑ Change(%)

$AAPL       142.75$   -0.54$   -0.38%
$FB           33‚Ä¶ https://t.co/Rv24TuX4IY"
117,2021-10-08 17:22:52,"since $KT is getting severely kicked in the nuts lately, here is some news.

KT IMPLEMENTATION CEO LAUNCHES #AI-POW‚Ä¶ https://t.co/HPqE7Im6GF"
118,2021-10-08 17:14:50,RT @massumeh18: $GOOG to Block Ads From Appearing Next to Content Denying #ClimateChange - WSJ https://t.co/9jvprNARju
119,2021-10-08 17:07:35,$goog https://t.co/oJx0wNCLDQ https://t.co/OnWkgKx930
120,2021-10-08 17:04:20,"RT @lilcozyvert: ‚ÄúAs part of this new policy, the company has also taken down YouTube channels of some prominent anti-vaccine advocates, in‚Ä¶"
121,2021-10-08 17:03:10,"Most Searched Stocks üîé

Ticker ¬∑ Price ¬∑ Change ¬∑ Change(%)

$AAPL       143.05$   -0.24$   -0.17%
$FB           33‚Ä¶ https://t.co/apQDJG9yMg"
122,2021-10-08 17:00:05,"„ÄêGAFAM„Äë
üì± $GOOG 2799.64 (+0.57%)
üõí $AMZN 3303.39 (+0.03%)
üìò $FB 331.91 (+0.82%)
üçé $AAPL 143.05 (-0.17%)
üñ• $MSFT 295‚Ä¶ https://t.co/c0PkRxypBt"
123,2021-10-08 16:59:24,"$NBRI has $148 Billion worth of mg 
The Automotive Magnesium Alloy Market is estimated at USD 1.30 Billion in 2019‚Ä¶ https://t.co/F1WXiA2QK3"
124,2021-10-08 16:58:39,"‚ÄúAs part of this new policy, the company has also taken down YouTube channels of some prominent anti-vaccine advoca‚Ä¶ https://t.co/ABReFD1gf6"
125,2021-10-08 16:57:28,$GOOG to Block Ads From Appearing Next to Content Denying #ClimateChange - WSJ https://t.co/9jvprNARju
126,2021-10-08 16:57:01,RT @MarketRebels: $GOOG to block ads from appearing next to content denying climate change
127,2021-10-08 16:56:08,$GOOG will block ads from appearing next to content denying climate change. https://t.co/LixxvcFmkn
128,2021-10-08 16:55:35,$GOOG to block ads from appearing next to content denying climate change
129,2021-10-08 16:55:25,$GOOG to block ads from appearing next to content denying climate change
130,2021-10-08 16:52:39,"We find the 100% runners BEFORE the crowd!
Chatroom:

$ACB $NVAX $MRNA $CGC $DKNG $AAL $SAVE $UAL $WORK $PLAY $DOCU‚Ä¶ https://t.co/umZqaIfRk8"
131,2021-10-08 16:49:14,$GOOG Has A Good #Technical Analysis Score (TA Score). Breakdown Of 3 Categories: #candle score Excellent; moving a‚Ä¶ https://t.co/VAtwjMsbwO
132,2021-10-08 16:47:38,"$BTC $ETH $LINK $XTZ $ADA $VET $KNC $SXP $TWTR $ES $JD $BABA $BIDU $TME 
$SPY $QQQ $DIS $TSLA $SHOP
$AMD $AAPL $SQ‚Ä¶ https://t.co/v1RUu4fhT8"
133,2021-10-08 16:47:36,"I need motivation to start trading again. I need a challenge...

Trading is too easy and boring!!

Someone give me‚Ä¶ https://t.co/60bO6NDVvr"
134,2021-10-08 16:38:06,"RT @FearAndGreed3: /3 An example

A great example of successfully scaling is $GOOG.

It has added customers (either paying business or ad-s‚Ä¶"
135,2021-10-08 16:35:07,"RT @jedimarkus77: Googsters doing filthy degrading things with its 50dma...
$GOOG $GOOGL 
Looks like some typical pre-reporting (October 26‚Ä¶"
136,2021-10-08 16:32:44,"Most Searched Stocks üîé

Ticker ¬∑ Price ¬∑ Change ¬∑ Change(%)

$AAPL       142.91$   -0.38$   -0.26%
$FB           33‚Ä¶ https://t.co/PazppLHFk3"
137,2021-10-08 16:32:25,"RT @SFinancerz: üî• #StocksToBuy üì¢ #WHSI ~ Castle Placement Named Exclusive Placement Agent for Wearable Health Solutions Inc. $WHSI 

üëâ http‚Ä¶"
138,2021-10-08 16:28:06,$AGG $AMZN $ETG $FB $GOOG $GOOGL $SPY - ETG: A Very Attractive Global Fund Selling At A Discount‚Ä¶ https://t.co/i8vEYr2gbr
139,2021-10-08 16:27:21,"RT @RicardinhoMuc: $CEI Camber Sendergruppe üö®

$AMC $GME $SAVA $CLOV $BBIG $WKHS $BCTX $TSLA $MRIN $NURO $ORPH $CARV $FUV $POAI $SLNX $CLBS‚Ä¶"
140,2021-10-08 16:25:43,"Why This Is Only the Beginning  initiative aimed at putting ‚Äúclimate change at the center of our domestic, national‚Ä¶ https://t.co/icVUuZmzSG"
141,2021-10-08 16:24:17,"$CEI Camber Sendergruppe üö®

$AMC $GME $SAVA $CLOV $BBIG $WKHS $BCTX $TSLA $MRIN $NURO $ORPH $CARV $FUV $POAI $SLNX‚Ä¶ https://t.co/uL1yoGasBw"
142,2021-10-08 16:22:50,"$GRST - ETHEMA HEALTH CORP

- POTENTIAL MANY 1,000%+++ GAINS SOON
- MILLIONS WILL BE REPORTED IN REVENUE in NOV
- M‚Ä¶ https://t.co/sMsTrlT8Cg"
143,2021-10-08 16:17:25,"@Crussian17 $MSFT or $GOOG should acquire them for cheap deal...
They are worth way more than this valuation üòÖ"
144,2021-10-08 16:06:07,$AAPL $GOOG $GLD $QQQ $SPY $VFF $TLRY $KBH $LEN $GE $T $F $GM $TSLA $HTSC $GRNF $MTCH $RIOT $MARA $IRRZF $KOAN‚Ä¶ https://t.co/xjTRAUEVFD
145,2021-10-08 16:04:54,"$SPY $QQQ $NDX $DIA $IWM $NFLX $FB $INTC $SMH $AAPL $NVDA $TSLA $ES $YM $AMZN $BA $GS $JPM $IBM $LRCX $C $GOOG $T
S‚Ä¶ https://t.co/yk4Pkua98q"
146,2021-10-08 16:03:28,"$GOOG fluctuating between 50SMA(resistance) and 20SMA(support) 
Once it makes a decisive move in expecting it to lead the market up or down"
147,2021-10-08 16:01:57,"Learn To Trade While You're Working From Home&gt;

$AAPL $AMZN $BTC $ETH $FB $GOOG $MSFT $QQQ $SPY $TSLA $EPR $WYND‚Ä¶ https://t.co/FvmhiGrLxz"
148,2021-10-08 16:01:00,üî• #StocksToBuy üì¢ #WHSI ~ Castle Placement Named Exclusive Placement Agent for Wearable Health Solutions Inc. $WHSI‚Ä¶ https://t.co/PIGts83d4Q
149,2021-10-08 16:00:10,"/3 An example

A great example of successfully scaling is $GOOG.

It has added customers (either paying business or‚Ä¶ https://t.co/2cBrz2B5S4"
150,2021-10-08 16:00:04,"„ÄêGAFAM„Äë
üì± $GOOG 2794.65 (+0.39%)
üõí $AMZN 3296.26 (-0.19%)
üìò $FB 330.97 (+0.53%)
üçé $AAPL 142.99 (-0.21%)
üñ• $MSFT 294‚Ä¶ https://t.co/QtBZw2Hkug"
151,2021-10-08 15:57:27,"Like it or not, Google LLC keeps introducing really useful services and features. $goog"
152,2021-10-08 15:49:36,"Today Top Flow in #NASDAQ #NASDAQ100, Buy Flow &amp; Sell Flow $FB $AMZN $FAST $AMAT $GOOGL $CTXS $AVGO $SPLK $CHTR‚Ä¶ https://t.co/SECZ79T4px"
153,2021-10-08 15:47:48,10yr yield = Tech stocks should take a major hit next week $TSLA $AAPL $GOOG $MSFT
154,2021-10-08 15:47:45,Long $GOOG $GOOGL https://t.co/xbODg2KOzp
155,2021-10-08 15:47:29,"RT @lazimoon: So rating for $clov is 3.5 stars ‚≠êÔ∏è which is fabulous, @chamath we should get more excited, I think big company like $amzn $g‚Ä¶"
156,2021-10-08 15:47:05,"So rating for $clov is 3.5 stars ‚≠êÔ∏è which is fabulous, @chamath we should get more excited, I think big company lik‚Ä¶ https://t.co/JqMyX8ejkZ"
157,2021-10-08 15:45:32,"Get instant updates and free trials join here 

$AMC $GME $NOK  $SPY $RH $BB $RKT $AAPL $AAL $NAKD $SOL $DAL $M‚Ä¶ https://t.co/p5NoWR8dsS"
158,2021-10-08 15:37:45,"Today Top Flow in #NASDAQ #NASDAQ100, Buy Flow &amp; Sell Flow $FB $AMZN $FAST $AMAT $GOOGL $CTXS $AVGO $SPLK $CHTR‚Ä¶ https://t.co/PvALF2J1gK"
159,2021-10-08 15:16:22,"Most Searched Stocks üîé

Ticker ¬∑ Price ¬∑ Change ¬∑ Change(%)

$AAPL       143.41$    0.12$    0.09%
$FB           33‚Ä¶ https://t.co/dG792RkEbl"
160,2021-10-08 15:13:24,"RT @RicardinhoMuc: $Hcanf Halo Collective üö®

$AMC $GME $SAVA $CLOV $BBIG $WKHS $BCTX $TSLA $MRIN $NURO $ORPH $CARV $FUV $POAI $SLNX $CLBS $‚Ä¶"
161,2021-10-08 15:12:07,"$GOOG 
#Consumers have become accustomed to hitting the ""buy now"" button and having their package delivered straigh‚Ä¶ https://t.co/9r0k1I6tMQ"
162,2021-10-08 15:09:48,"RT @LlcBillionaire: $GOOG $GOOGL Ireland buckles to pressure, joins global corporate tax deal https://t.co/hiMEjJRo4s"
163,2021-10-08 15:09:01,$googl $goog $fb https://t.co/ByzYz8O57a
164,2021-10-08 15:04:03,"RT @GafamBot: „ÄêGAFAM„Äë
üì± $GOOG 2795.00 (+0.41%)
üõí $AMZN 3305.41 (+0.09%)
üìò $FB 332.74 (+1.07%)
üçé $AAPL 143.35 (+0.05%)
üñ• $MSFT 295.69 (+0.28‚Ä¶"
165,2021-10-08 15:01:07,"Most Searched Stocks üîé

Ticker ¬∑ Price ¬∑ Change ¬∑ Change(%)

$AAPL       143.30$    0.01$    0.01%
$FB           33‚Ä¶ https://t.co/GyLO1BEyFS"
166,2021-10-08 15:00:04,"„ÄêGAFAM„Äë
üì± $GOOG 2795.00 (+0.41%)
üõí $AMZN 3305.41 (+0.09%)
üìò $FB 332.74 (+1.07%)
üçé $AAPL 143.35 (+0.05%)
üñ• $MSFT 295‚Ä¶ https://t.co/RRAsj7U171"
167,2021-10-08 14:57:05,RT @pandabearchap: Maye Musk shares video inside Giga Texas showing busy Model Y production line: https://t.co/WprZDUiBcG $tsla #tesla $goo‚Ä¶
168,2021-10-08 14:56:45,"#Options Flow Grid Update $GOOG #OptionsTrading Alphabet Shares ‚¨ÜÔ∏è0.51% to $2,797.6 #OptionsFlow #stocks #stock‚Ä¶ https://t.co/Jj68XqzxcL"
169,2021-10-08 14:53:01,üè¢ $GOOG: Bakkt Partners with Google to Introduce Digital Assets to Millions of Consumers https://t.co/TVro7MopOw
170,2021-10-08 14:45:51,"Most Searched Stocks üîé

Ticker ¬∑ Price ¬∑ Change ¬∑ Change(%)

$AAPL       143.17$   -0.12$   -0.08%
$FB           33‚Ä¶ https://t.co/YXeRWBmf7S"
171,2021-10-08 14:44:32,EU questions Microsoft rivals over Teams integration in Office $MSFT $CRM $ZM $GOOG https://t.co/Irruaa9bvY
172,2021-10-08 14:37:12,"We find the 100% runners BEFORE the crowd!
Chatroom:
To get 30% off type SAVE

$ACB $NVAX $MRNA $CGC $DKNG $AAL‚Ä¶ https://t.co/m7wMHyf22Z"
173,2021-10-08 14:36:43,"Join the most profitable trading group 

$GOOG $AAPL $SPY $AMZN $TDOC $TSLA $COST $BA $NFLX $NVDA $TWTR $ZM $BABA‚Ä¶ https://t.co/p23StFP7ot"
174,2021-10-08 14:35:26,"#stocktobuy  

üî•FOMO CORP. üëâ $FOMC üëà

üî•Has an order book representing $30 million in business from two hundred proj‚Ä¶ https://t.co/W1yfpEFpke"
175,2021-10-08 14:35:06,"Stock: $GOOG - Alphabet Inc.
*** NEWS ***
Amazon Vs. Google Stock: Which Is The Better Buy? - Seeking Alpha‚Ä¶ https://t.co/cP1wezOSHx"
176,2021-10-08 14:34:23,"üëâ#PACV Big things are imminent here folks! get ready! 
üìà $PACV Pacific Ventures Group Announces‚Ä¶ https://t.co/MlPDKsCW2I"
177,2021-10-08 14:33:22,"Most active Trading Group üíØ 

Alerts,Analysis
Stocks ‚òëÔ∏è
Options ‚úÖ
Day trading ‚úÖ
Swing Trading ‚òëÔ∏è

üî•
$SPY $TSLA‚Ä¶ https://t.co/tHxupxKjk3"
178,2021-10-08 14:32:46,"Look like legit traders include this chat and making profits. FREE Check out now..

$LOMA $DZSI $LAC $VOXX $SWBI‚Ä¶ https://t.co/Agy86wtXuE"
179,2021-10-08 14:32:08,"$GRST 

- POTENTIAL MANY 1,000%+++ GAINS SOON
- OTC PINK CURRENT
- MILLIONS WILL BE REPORTED IN REVENUE in NOV
- MU‚Ä¶ https://t.co/L7vSGELUk4"
180,2021-10-08 14:31:43,"Googsters doing filthy degrading things with its 50dma...
$GOOG $GOOGL 
Looks like some typical pre-reporting (Octo‚Ä¶ https://t.co/9VFPiOl6qZ"
181,2021-10-08 14:29:57,"$Hcanf Halo Collective üö®

$AMC $GME $SAVA $CLOV $BBIG $WKHS $BCTX $TSLA $MRIN $NURO $ORPH $CARV $FUV $POAI $SLNX‚Ä¶ https://t.co/mddspI2g45"
182,2021-10-08 14:29:54,"Most Searched Stocks üîé

Ticker ¬∑ Price ¬∑ Change ¬∑ Change(%)

$AAPL       143.80$    0.51$    0.35%
$FB           33‚Ä¶ https://t.co/jKGVFe3VqS"
183,2021-10-08 14:27:59,1/2 Our current actively-managed holdings: $AMZN $BEPC (via $TERP) $BX $CGNX $CHPT (formerly $SBE) $CVS (via $AET)‚Ä¶ https://t.co/0EyFcnL89E
184,2021-10-08 14:23:39,$AMZN $GOOG $GOOGL NEW ARTICLE : Amazon Vs. Google Stock: Which Is The Better Buy? https://t.co/tUHnPnjwXI Get all‚Ä¶ https://t.co/cMtQ5MC1FY
185,2021-10-08 14:21:09,$ORCL rivaling $MSFT $GOOG as everyone's fave stock. https://t.co/9XUCtJc6vK
186,2021-10-08 14:18:39,Rose Above 50 DMA today: $CARV $LWLG $SSY $LUXA $GOOG $CEF $EWS $TRVG $ATEN $PRIM $UVE $BDN $RDIV $FEIM $SOHU $UNP‚Ä¶ https://t.co/DyRcGK8zWZ
187,2021-10-08 14:16:35,RT @LongTermBaggers: In a Nutshell‚Ñ¢ $GOOG Sector &amp; Core Mrkt Growth Operating Stronger &amp; Faster than Overall Economy Thru 2030. Deep Learni‚Ä¶
188,2021-10-08 14:14:51,"RT @TradeableCap: $SPY and $QQQ broke yesterday's low after NFP data but is now above it. See if any leaders can form today. $AMZN, $NFLX,‚Ä¶"
189,2021-10-08 14:14:41,"Most Searched Stocks üîé

Ticker ¬∑ Price ¬∑ Change ¬∑ Change(%)

$AAPL       143.46$    0.17$    0.12%
$FB           33‚Ä¶ https://t.co/SuQStHnDkb"
190,2021-10-08 14:14:13,"RT @RicardinhoMuc: $Hcanf Halo Collective üö®üö®

$AMC $GME $SAVA $CLOV $BBIG $WKHS $BCTX $TSLA $MRIN $NURO $ORPH $CARV $FUV $POAI $SLNX $CLBS‚Ä¶"
191,2021-10-08 14:13:47,$tsla #tesla $goog $amzn $aapl $lcid $nio $f $gm $spce $xpev $li https://t.co/9gNG1QUXNS
192,2021-10-08 14:13:13,"Today Top Flow in #NASDAQ #NASDAQ100, Buy Flow and Sell Flow $AMZN $GOOGL $GOOG $ZM $BIDU $MELI $FAST $ULTA $AMAT‚Ä¶ https://t.co/dsSANuJ1ld"
193,2021-10-08 14:11:03,"@RoshanM26162998 @LuoshengPeng @JonahLupton The next big thing, $MQ !  #fintech , with a deal with $Goog for its Go‚Ä¶ https://t.co/tAqSKhWNfg"
194,2021-10-08 14:10:54,Maye Musk shares video inside Giga Texas showing busy Model Y production line: https://t.co/WprZDUiBcG $tsla #tesla‚Ä¶ https://t.co/fdg36B0SKv
195,2021-10-08 14:10:37,$GOOG $GOOGL $COF NEW ARTICLE : Bill Nygren Market Commentary - Q3 2021 https://t.co/AREegxE6tJ Get all the latest‚Ä¶ https://t.co/IwS64EWSy1
196,2021-10-08 14:09:41,$AMZN $GOOG $GOOGL - Amazon Vs. Google Stock: Which Is The Better Buy?. https://t.co/sjZHxiGIA8 #stocks #trading #investing
197,2021-10-08 14:09:15,"$SPY and $QQQ broke yesterday's low after NFP data but is now above it. See if any leaders can form today. $AMZN,‚Ä¶ https://t.co/XtQ3gGq6EL"
198,2021-10-08 14:05:55,"RT @Bot4DTU: Most Searched Stocks üîé

Ticker ¬∑ Price ¬∑ Change ¬∑ Change(%)

$AAPL       143.34$    0.05$    0.03%
$FB           331.26$    2.‚Ä¶"
199,2021-10-08 14:04:27,"RT @GafamBot: „ÄêGAFAM„Äë
üì± $GOOG 2800.33 (+0.60%)
üõí $AMZN 3317.36 (+0.45%)
üìò $FB 331.05 (+0.56%)
üçé $AAPL 143.56 (+0.19%)
üñ• $MSFT 295.85 (+0.34‚Ä¶"
200,2021-10-08 14:04:19,"RT @Alexand40973876: The new rate will affect 1,556 companies in Ireland employing 500K people, including tech giants like $AAPL, $GOOG, $G‚Ä¶"
201,2021-10-08 14:03:19,"The new rate will affect 1,556 companies in Ireland employing 500K people, including tech giants like $AAPL, $GOOG,‚Ä¶ https://t.co/m0ASgeFghA"
202,2021-10-08 14:00:43,"We find the 100% runners BEFORE the crowd!
Chatroom:

$ACB $NVAX $MRNA $CGC $DKNG $AAL $SAVE $UAL $WORK $PLAY $DOCU‚Ä¶ https://t.co/zLh1YQ4ezT"
203,2021-10-08 14:00:04,"„ÄêGAFAM„Äë
üì± $GOOG 2800.33 (+0.60%)
üõí $AMZN 3317.36 (+0.45%)
üìò $FB 331.05 (+0.56%)
üçé $AAPL 143.56 (+0.19%)
üñ• $MSFT 295‚Ä¶ https://t.co/m8aLmi4ysl"
204,2021-10-08 13:59:30,"Most Searched Stocks üîé

Ticker ¬∑ Price ¬∑ Change ¬∑ Change(%)

$AAPL       143.34$    0.05$    0.03%
$FB           33‚Ä¶ https://t.co/5MakE2Z8f0"
205,2021-10-08 13:56:10,"$GOOG Markets have rebounded but further downside may come considering higher bond yields and inflation. Remember,‚Ä¶ https://t.co/OHgkRxuYnK"
206,2021-10-08 13:47:41,"Today's Market Heatmap - October 8

$TSLA +0.06%
$BCS +1.27%
$GOOG +0.51%
$GOOGL +0.42%
$MSFT +0.22%
$PFE +0.23%‚Ä¶ https://t.co/nq8a9YW0be"
207,2021-10-08 13:45:01,$AAPL $GOOG $GLD $QQQ $SPY $VFF $TLRY $KBH $LEN $GE $T $F $GM $TSLA $HTSC $GRNF $MTCH $RIOT $MARA $IRRZF $KOAN‚Ä¶ https://t.co/5LVcKAIduv
208,2021-10-08 13:44:15,"Most Searched Stocks üîé

Ticker ¬∑ Price ¬∑ Change ¬∑ Change(%)

$AAPL       143.40$    0.11$    0.08%
$FB           33‚Ä¶ https://t.co/dsfp1if5om"
209,2021-10-08 13:43:50,$SPY $QQQ $NDX $DIA $IWM $NFLX $FB $INTC $SMH $AAPL $NVDA $TSLA $ES $YM $AMZN $BA $GS $JPM $IBM $LRCX $C $GOOG‚Ä¶ https://t.co/AEpURP26iK
210,2021-10-08 13:42:09,"Learn To Trade While You're Working From Home&gt;

$AAPL $AMZN $BTC $ETH $FB $GOOG $MSFT $QQQ $SPY $TSLA $EPR $WYND‚Ä¶ https://t.co/Qz7RaasjEe"
211,2021-10-08 13:37:25,RT US Stocks OVERVALUED by 50% at the same stage as before GREAT CRASH with DISMAL economic recovery with HUGE numb‚Ä¶ https://t.co/B3F1s6pXLr
212,2021-10-08 13:36:54,RT US Stocks OVERVALUED by 50% at the same stage as before GREAT CRASH with DISMAL economic recovery with HUGE numb‚Ä¶ https://t.co/6ODODibCeb
213,2021-10-08 13:33:27,Google changing AdSense to first price auction seems like a big deal.  Yet mgmt states likely little impact to publisher earnings ü§î $Goog
214,2021-10-08 13:32:16,$QQQ $SPY $TQQQ $SOXL $BTC $TSLA $DIA $IWM $SPX $XLF $XLE $VIX $GLD $GC $XOP $SLV $PALL $FB $GOOG $GDX $EXK ES supp‚Ä¶ https://t.co/8YAmY9GEEs
215,2021-10-08 13:30:23,GM the O/N range $ES_F 4407.75H &amp; 4382.25L Mid point 4395.5 the ATR 4395 High/Low Targets are 4451.5/4338..5 $NQ_F‚Ä¶ https://t.co/8bvDp4BH3G
216,2021-10-08 13:29:36,"Most winning trading chat!!! For a limited time, we are opening our trading chatroom to the public! 

$YANG $BMA‚Ä¶ https://t.co/Zhf7EdwsnG"
217,2021-10-08 13:28:53,"10 YEAR TREASURY 1.57 

$AMZN $GOOG $FB $NFLX $UPST $AFRM"
218,2021-10-08 13:23:48,"Friday AM #Hollywood + #Media industry news roundup, incl:

- @sarafischer with some good @Axios reports in the Dig‚Ä¶ https://t.co/P4bs89PtMH"
219,2021-10-08 13:08:53,"üëâ#PACV Big things are imminent here folks! get ready! 
üìà $PACV Pacific Ventures Group Announces‚Ä¶ https://t.co/oZSJnxJxgT"
220,2021-10-08 13:06:44,"RT @GafamBot: „ÄêGAFAM„Äë
üì± $GOOG 2783.71 (+1.33%)
üõí $AMZN 3302.43 (+1.24%)
üìò $FB 329.22 (-1.32%)
üçé $AAPL 143.29 (+0.91%)
üñ• $MSFT 294.85 (+0.59‚Ä¶"
221,2021-10-08 13:05:29,"RT @BlazeCapital: LIVE Stock Market CRASH OVER? TESLA, TSLA STOCK, LIVE TRADING!
--
https://t.co/rLH08DtCYv
--
#trading #investing #fintwit‚Ä¶"
222,2021-10-08 13:05:07,"LIVE Stock Market CRASH OVER? TESLA, TSLA STOCK, LIVE TRADING!
--
https://t.co/rLH08DtCYv
--
#trading #investing‚Ä¶ https://t.co/049jFnykDs"
223,2021-10-08 13:02:03,"The #company is one of the two dominant players in the global digital ad industry, earning $147 billion in ad revenue last year. $GOOG"
224,2021-10-08 13:01:18,"$GOOG
Twitter Sentiment on 7 Oct 2021 was:
‚ñí Positive 41.4% ‚ñà Negative 11.6% ‚ñë Neutral 47.0%
‚ñí‚ñí‚ñí‚ñí‚ñí‚ñí‚ñí‚ñí‚ñà‚ñà‚ñë‚ñë‚ñë‚ñë‚ñë‚ñë‚ñë‚ñë‚ñë"
225,2021-10-08 13:00:04,"„ÄêGAFAM„Äë
üì± $GOOG 2783.71 (+1.33%)
üõí $AMZN 3302.43 (+1.24%)
üìò $FB 329.22 (-1.32%)
üçé $AAPL 143.29 (+0.91%)
üñ• $MSFT 294‚Ä¶ https://t.co/bMRTO7uJgK"
226,2021-10-08 12:58:01,"""They lie. We know they lie. They know we know they lie. And still they lie""

#Climate apocalypse coverage of House‚Ä¶ https://t.co/wCQrWLgDur"
227,2021-10-08 12:50:12,"INSPIRION WEALTH ADVISORS LLC,has filed Form 13F for Q3 2021.Opened NEW positions in $AHCO $CPNG $GOOG $ITW $QQQ‚Ä¶ https://t.co/2MWhvYDlDy"
228,2021-10-08 12:42:51,$shop $amzn $goog going to benefit. Economy slowing down .growth will be back in vogue
229,2021-10-08 12:28:31,RT @PSuiteNetwork: TimTheTatman is now a YouTube-exclusive man #Gaming #Warzone #Streaming #Influencers #Ad #Ads #Advertising #Marketing #Y‚Ä¶
230,2021-10-08 12:20:49,TimTheTatman is now a YouTube-exclusive man #Gaming #Warzone #Streaming #Influencers #Ad #Ads #Advertising‚Ä¶ https://t.co/Mm3nYF3SNL
231,2021-10-08 12:18:32,@LiviamCapital $GOOG
232,2021-10-08 12:16:30,"via bret_jensen: $FB $GOOG $TWTR 

Question of the Day üëáüëáüëáüëá $fb"
233,2021-10-08 12:12:04,"Latest #BigTech #antitrust investigation developments involving Amazon, Apple, Facebook &amp; Google. Worldwide updates‚Ä¶ https://t.co/LvE3B28EE0"
234,2021-10-08 12:11:53,$GOOG Awaiting Short Signal. Algorithmic Trading Ideas by https://t.co/jpmUt7BvVp. https://t.co/r8uHmAsYxb
235,2021-10-08 12:00:03,"Twitter Average Sentiment
$AMD $GOOG $FB $MMM $CAT https://t.co/cakD608mH1"
236,2021-10-08 11:56:07,Scale TransformX: ML at Waymo - Building a Scalable Autonomous Driving Stack with Drago Anguelov $GOOG $GOOGL https://t.co/fKSFVpXTBx
237,2021-10-08 11:55:12,"Scale TransformX: Data-Driven AI for Autonomous Vehicles With Dmitri Dolgov of Waymo $GOOG $GOOGL
https://t.co/EBTmlA2VV4"
238,2021-10-08 11:44:00,Price x volume leaders Thursday - $TSLA $FB $AAPL $BABA $AMZN $MRNA $NVDA $MSFT $AMD $AFRM $GOOGL $NIO $SQ $NFLX‚Ä¶ https://t.co/DEsNRqF1tT
239,2021-10-08 11:43:39,"$GOOG $GOOGL Ireland buckles to pressure, joins global corporate tax deal https://t.co/hiMEjJRo4s"
240,2021-10-08 11:37:16,"RT @TimWithStocks: Keep your eyes open and look at different brokers with minimal- or no fees. They do exist!

#SP500 #Bitcoin¬†  $LCID $AMZ‚Ä¶"
241,2021-10-08 11:14:31,"Apple, the Rest of Big Tech Dealt a Blow as Ireland Joins Global Tax Agreement $GOOG $AAPL $FB $MSFT $TWTR https://t.co/UsLDJKH8jQ"
242,2021-10-08 11:11:00,"RT @bret_jensen: $FB $GOOG $TWTR  

Has anyone NOT figured out yet that Big Tech is more and more like Big Brother?

https://t.co/ShYbLbDepY"
243,2021-10-08 10:56:04,RT @Filip04354978: @InvestiAnalyst @Gambiste1 Are you saying anti-trust monopoly movements might target $GOOG $FB $V? $AAPL is not a monopo‚Ä¶
244,2021-10-08 10:43:55,"via bret_jensen: $FB $GOOG $TWTR  

Has anyone NOT figured out yet that Big Tech is more and more like Big Brother?‚Ä¶ https://t.co/4sWy8k5LQv"
245,2021-10-08 10:43:16,"RT @63_hyacinth: Google to block ads from appearing next to content denying climate change
$GOOG $GOOGL"
246,2021-10-08 10:42:54,"RT @Abbasi90115251: $CEI 5 dollar next week possible #CEI #CNET 
‚úÖ‚úÖ‚úÖ‚úÖ‚úÖ‚úÖ‚úÖ
$CNET huge news can run into 5 dollar very soon best time to buy n‚Ä¶"
247,2021-10-08 10:42:17,"RT @Abbasi90115251: @RedDogT3 $CEI 5 dollar next week possible #CEI #CNET 
‚úÖ‚úÖ‚úÖ‚úÖ‚úÖ‚úÖ‚úÖ
$CNET huge news can run into 5 dollar very soon best tim‚Ä¶"
248,2021-10-08 10:41:43,"$FB $GOOG $TWTR  

Has anyone NOT figured out yet that Big Tech is more and more like Big Brother?

https://t.co/ShYbLbDepY"
249,2021-10-08 10:40:50,"RT @Abbasi90115251: @Ayo_chaaa $CEI 5 dollar next week possible #CEI #CNET 
‚úÖ‚úÖ‚úÖ‚úÖ‚úÖ‚úÖ‚úÖ
$CNET huge news can run into 5 dollar very soon best ti‚Ä¶"
250,2021-10-08 10:40:45,"RT @Abbasi90115251: @arunbhats @lakshmishaks @NCBirbhan @TeslaClubIN @elonmusk $CEI 5 dollar next week possible #CEI #CNET 
‚úÖ‚úÖ‚úÖ‚úÖ‚úÖ‚úÖ‚úÖ
$CNET h‚Ä¶"
251,2021-10-08 10:40:40,"RT @Abbasi90115251: @RonMadison11 @elonmusk @TeslaPodcast @Tesla $CEI 5 dollar next week possible #CEI #CNET 
‚úÖ‚úÖ‚úÖ‚úÖ‚úÖ‚úÖ‚úÖ
$CNET huge news can r‚Ä¶"
252,2021-10-08 10:26:51,@InvestiAnalyst @Gambiste1 Are you saying anti-trust monopoly movements might target $GOOG $FB $V? $AAPL is not a m‚Ä¶ https://t.co/DyPBCgdSv0
253,2021-10-08 10:24:20,"RT @assetdash: The Trillion Club üìà

1. $AAPL
2. $MSFT
3. Saudi Aramco 
4. $GOOG
5. $AMZN
6. $BTC https://t.co/IJyvTSFS73"
254,2021-10-08 10:24:18,"RT @Abbasi90115251: $CEI 5 dollar next week possible #CEI #CNET 
‚úÖ‚úÖ‚úÖ‚úÖ‚úÖ‚úÖ‚úÖ
$CNET huge news can run into 5 dollar very soon best time to buy n‚Ä¶"
255,2021-10-08 10:24:13,"RT @Abbasi90115251: $CEI 5 dollar next week possible #CEI #CNET 
‚úÖ‚úÖ‚úÖ‚úÖ‚úÖ‚úÖ‚úÖ
$CNET huge news can run into 5 dollar very soon best time to buy n‚Ä¶"
256,2021-10-08 10:20:34,#StockstoWatch #Stockstobuy #Swingtrading #Swingtrade #Nasdaq100 #Nasdaq #nyse #StocksInFocus - On Daily Closing‚Ä¶ https://t.co/lCZUURGtEg
257,2021-10-08 10:19:32,"@RonMadison11 @elonmusk @TeslaPodcast @Tesla $CEI 5 dollar next week possible #CEI #CNET 
‚úÖ‚úÖ‚úÖ‚úÖ‚úÖ‚úÖ‚úÖ
$CNET huge news c‚Ä¶ https://t.co/1XsLCO3YIU"
258,2021-10-08 10:19:23,"@arunbhats @lakshmishaks @NCBirbhan @TeslaClubIN @elonmusk $CEI 5 dollar next week possible #CEI #CNET 
‚úÖ‚úÖ‚úÖ‚úÖ‚úÖ‚úÖ‚úÖ‚Ä¶ https://t.co/MldIVi7Mbr"
259,2021-10-08 10:19:11,"@Ayo_chaaa $CEI 5 dollar next week possible #CEI #CNET 
‚úÖ‚úÖ‚úÖ‚úÖ‚úÖ‚úÖ‚úÖ
$CNET huge news can run into 5 dollar very soon bes‚Ä¶ https://t.co/VAzFs36R1l"
260,2021-10-08 10:18:30,"China‚Äôs anti-trust movement might have spillover effects. So, I would be cautious on $NFLX $GOOG $FB $MSFT. $AAPL d‚Ä¶ https://t.co/7fHMu8c0be"
261,2021-10-08 10:18:22,"@RedDogT3 $CEI 5 dollar next week possible #CEI #CNET 
‚úÖ‚úÖ‚úÖ‚úÖ‚úÖ‚úÖ‚úÖ
$CNET huge news can run into 5 dollar very soon best‚Ä¶ https://t.co/twQVs7jLdW"
262,2021-10-08 10:17:00,"$CEI 5 dollar next week possible #CEI #CNET 
‚úÖ‚úÖ‚úÖ‚úÖ‚úÖ‚úÖ‚úÖ
$CNET huge news can run into 5 dollar very soon best time to b‚Ä¶ https://t.co/52BCMoIOHa"
263,2021-10-08 10:16:08,"Google to block ads from appearing next to content denying climate change
$GOOG $GOOGL"
264,2021-10-08 10:13:26,"Google to block ads from appearing next to content denying climate change
$GOOG $GOOGL"
265,2021-10-08 10:10:56,"RT @assetdash: The Trillion Club üìà

1. $AAPL
2. $MSFT
3. Saudi Aramco 
4. $GOOG
5. $AMZN
6. $BTC https://t.co/IJyvTSFS73"
266,2021-10-08 09:59:34,Continuously showing strength! We got us a good one $GOOG $NIO
267,2021-10-08 09:58:44,"$CEI 5 dollar next week possible #CEI #CNET 
‚úÖ‚úÖ‚úÖ‚úÖ‚úÖ‚úÖ‚úÖ
$CNET huge news can run into 5 dollar very soon best time to b‚Ä¶ https://t.co/ba0OGLB9Qm"
268,2021-10-08 09:58:30,"$CEI 5 dollar next week possible #CEI #CNET 
‚úÖ‚úÖ‚úÖ‚úÖ‚úÖ‚úÖ‚úÖ
$CNET huge news can run into 5 dollar very soon best time to b‚Ä¶ https://t.co/k1M63tq2Po"
269,2021-10-08 09:57:19,@TZM_TMT $SPOT is basically building an intelligent global audio network. Whilst today it looks like a music stream‚Ä¶ https://t.co/r3IzjDUv54
270,2021-10-08 09:54:19,"RT @Abbasi90115251: $CEI 5 dollar next week possible #CEI #CNET 
‚úÖ‚úÖ‚úÖ‚úÖ‚úÖ‚úÖ‚úÖ
$CNET huge news can run into 5 dollar very soon best time to buy n‚Ä¶"
271,2021-10-08 09:53:43,"RT @Abbasi90115251: $CEI 5 dollar next week possible #CEI #CNET 
‚úÖ‚úÖ‚úÖ‚úÖ‚úÖ‚úÖ‚úÖ
$CNET huge news can run into 5 dollar very soon best time to buy n‚Ä¶"
272,2021-10-08 09:50:27,"RT @Abbasi90115251: $CEI 5 dollar next week possible #CEI #CNET 
‚úÖ‚úÖ‚úÖ‚úÖ‚úÖ‚úÖ‚úÖ
$CNET huge news can run into 5 dollar very soon best time to buy n‚Ä¶"
273,2021-10-08 09:50:14,"RT @Abbasi90115251: $CEI 5 dollar next week possible #CEI #CNET 
‚úÖ‚úÖ‚úÖ‚úÖ‚úÖ‚úÖ‚úÖ
$CNET huge news can run into 5 dollar very soon best time to buy n‚Ä¶"
274,2021-10-08 09:46:48,"RT @AlphaBetaAnil: Portfolio update

Top 10 positions:

$AMZN
$SE
$ADYEY
$MA
$NOW
$GOOG
$CRWD
$RNG
$TTD
$SWAV"
275,2021-10-08 09:45:14,"RT @Abbasi90115251: @HouslerJames @elonmusk $CEI 5 dollar next week possible #CEI #CNET 
‚úÖ‚úÖ‚úÖ‚úÖ‚úÖ‚úÖ‚úÖ
$CNET huge news can run into 5 dollar very‚Ä¶"
276,2021-10-08 09:45:09,"RT @Abbasi90115251: @montlymomentum $CEI 5 dollar next week possible #CEI #CNET 
‚úÖ‚úÖ‚úÖ‚úÖ‚úÖ‚úÖ‚úÖ
$CNET huge news can run into 5 dollar very soon be‚Ä¶"
277,2021-10-08 09:45:03,"RT @Abbasi90115251: @GammaSqueeze509 $CEI 5 dollar next week possible #CEI #CNET 
‚úÖ‚úÖ‚úÖ‚úÖ‚úÖ‚úÖ‚úÖ
$CNET huge news can run into 5 dollar very soon b‚Ä¶"
278,2021-10-08 09:44:58,"RT @Abbasi90115251: @aylin2016aylin @JamesDoris19 $CEI 5 dollar next week possible #CEI #CNET 
‚úÖ‚úÖ‚úÖ‚úÖ‚úÖ‚úÖ‚úÖ
$CNET huge news can run into 5 dolla‚Ä¶"
279,2021-10-08 09:44:48,"RT @Abbasi90115251: @Mononoke__Hime $CEI 5 dollar next week possible #CEI #CNET 
‚úÖ‚úÖ‚úÖ‚úÖ‚úÖ‚úÖ‚úÖ
$CNET huge news can run into 5 dollar very soon be‚Ä¶"
280,2021-10-08 09:44:42,"RT @Abbasi90115251: @afl0daddy $CEI 5 dollar next week possible #CEI #CNET 
‚úÖ‚úÖ‚úÖ‚úÖ‚úÖ‚úÖ‚úÖ
$CNET huge news can run into 5 dollar very soon best ti‚Ä¶"
281,2021-10-08 09:44:37,"RT @Abbasi90115251: @InvestingWithMK $CEI 5 dollar next week possible #CEI #CNET 
‚úÖ‚úÖ‚úÖ‚úÖ‚úÖ‚úÖ‚úÖ
$CNET huge news can run into 5 dollar very soon b‚Ä¶"
282,2021-10-08 09:43:31,"RT @Abbasi90115251: @marty_stonk $CEI 5 dollar next week possible #CEI #CNET 
‚úÖ‚úÖ‚úÖ‚úÖ‚úÖ‚úÖ‚úÖ
$CNET huge news can run into 5 dollar very soon best‚Ä¶"
283,2021-10-08 09:43:26,"RT @Abbasi90115251: @Tugboat100 $CEI 5 dollar next week possible #CEI #CNET 
‚úÖ‚úÖ‚úÖ‚úÖ‚úÖ‚úÖ‚úÖ
$CNET huge news can run into 5 dollar very soon best t‚Ä¶"
284,2021-10-08 09:42:40,"RT @Jack_Yang857: Upcoming EarningsÔºö
$TLRY $BAC $LMT $NFLX $SNAP $TSLA 
$INTC $T $TSM $CLF $MC $AMD $CB $DTE $GOOG‚Ä¶ https://t.co/tvjt9pcLbp"
285,2021-10-08 09:42:34,"RT @eDecision_Stock: Upcoming EarningsÔºö
$TLRY $BAC $LMT $NFLX $SNAP $TSLA 
$INTC $T $TSM $CLF $MC $AMD $CB $DTE‚Ä¶ https://t.co/Fn2yC6PUSE"
286,2021-10-08 09:42:20,"RT @Abbasi90115251: @Bounce_Trades $CEI 5 dollar next week possible #CEI #CNET 
‚úÖ‚úÖ‚úÖ‚úÖ‚úÖ‚úÖ‚úÖ
$CNET huge news can run into 5 dollar very soon bes‚Ä¶"
287,2021-10-08 09:41:15,"RT @Abbasi90115251: @KingMidasAu1 $CEI 5 dollar next week possible #CEI #CNET 
‚úÖ‚úÖ‚úÖ‚úÖ‚úÖ‚úÖ‚úÖ
$CNET huge news can run into 5 dollar very soon best‚Ä¶"
288,2021-10-08 09:38:41,"RT @Abbasi90115251: @KingsWorldly $CEI 5 dollar next week possible #CEI #CNET 
‚úÖ‚úÖ‚úÖ‚úÖ‚úÖ‚úÖ‚úÖ
$CNET huge news can run into 5 dollar very soon best‚Ä¶"
289,2021-10-08 09:38:36,"RT @Abbasi90115251: @sq_financial $CEI 5 dollar next week possible #CEI #CNET 
‚úÖ‚úÖ‚úÖ‚úÖ‚úÖ‚úÖ‚úÖ
$CNET huge news can run into 5 dollar very soon best‚Ä¶"
290,2021-10-08 09:38:31,"RT @Abbasi90115251: @WarrenBuffay @LadeBackk $CEI 5 dollar next week possible #CEI #CNET 
‚úÖ‚úÖ‚úÖ‚úÖ‚úÖ‚úÖ‚úÖ
$CNET huge news can run into 5 dollar ver‚Ä¶"
291,2021-10-08 09:18:41,"RT @TrueSinews: #Google is changing its stock ticker from $GOOG to IPL - short for ""Index Librorum Prohibitorum"" or the 'list of prohibited‚Ä¶"
292,2021-10-08 09:18:10,"@WarrenBuffay @LadeBackk $CEI 5 dollar next week possible #CEI #CNET 
‚úÖ‚úÖ‚úÖ‚úÖ‚úÖ‚úÖ‚úÖ
$CNET huge news can run into 5 dollar‚Ä¶ https://t.co/q8RMU06Z7o"
293,2021-10-08 09:18:04,"@sq_financial $CEI 5 dollar next week possible #CEI #CNET 
‚úÖ‚úÖ‚úÖ‚úÖ‚úÖ‚úÖ‚úÖ
$CNET huge news can run into 5 dollar very soon‚Ä¶ https://t.co/l6WLHgBZeF"
294,2021-10-08 09:17:48,"@KingsWorldly $CEI 5 dollar next week possible #CEI #CNET 
‚úÖ‚úÖ‚úÖ‚úÖ‚úÖ‚úÖ‚úÖ
$CNET huge news can run into 5 dollar very soon‚Ä¶ https://t.co/z1u2sp2tzM"
295,2021-10-08 09:17:41,"#Google is changing its stock ticker from $GOOG to IPL - short for ""Index Librorum Prohibitorum"" or the 'list of pr‚Ä¶ https://t.co/IRF3lDv1rG"
296,2021-10-08 09:17:03,"@GoogolCoin Really it's a good project
@Ahsan25417273
@mdmerajhasan9
@AbdulAl14029936
@mdalom50803636‚Ä¶ https://t.co/IgQtPj4AS9"
297,2021-10-08 09:15:54,"@KingMidasAu1 $CEI 5 dollar next week possible #CEI #CNET 
‚úÖ‚úÖ‚úÖ‚úÖ‚úÖ‚úÖ‚úÖ
$CNET huge news can run into 5 dollar very soon‚Ä¶ https://t.co/OMYu7uT2gA"
298,2021-10-08 09:15:48,"@Bounce_Trades $CEI 5 dollar next week possible #CEI #CNET 
‚úÖ‚úÖ‚úÖ‚úÖ‚úÖ‚úÖ‚úÖ
$CNET huge news can run into 5 dollar very soon‚Ä¶ https://t.co/upz9g0q2Yh"
299,2021-10-08 09:15:41,"@Tugboat100 $CEI 5 dollar next week possible #CEI #CNET 
‚úÖ‚úÖ‚úÖ‚úÖ‚úÖ‚úÖ‚úÖ
$CNET huge news can run into 5 dollar very soon be‚Ä¶ https://t.co/zZ5ayS69y1"
300,2021-10-08 09:15:36,"@marty_stonk $CEI 5 dollar next week possible #CEI #CNET 
‚úÖ‚úÖ‚úÖ‚úÖ‚úÖ‚úÖ‚úÖ
$CNET huge news can run into 5 dollar very soon b‚Ä¶ https://t.co/wosVbPLbqL"
301,2021-10-08 09:15:30,"@InvestingWithMK $CEI 5 dollar next week possible #CEI #CNET 
‚úÖ‚úÖ‚úÖ‚úÖ‚úÖ‚úÖ‚úÖ
$CNET huge news can run into 5 dollar very so‚Ä¶ https://t.co/GALa9EsPkv"
302,2021-10-08 09:15:24,"@afl0daddy $CEI 5 dollar next week possible #CEI #CNET 
‚úÖ‚úÖ‚úÖ‚úÖ‚úÖ‚úÖ‚úÖ
$CNET huge news can run into 5 dollar very soon bes‚Ä¶ https://t.co/pDOzKQMDgY"
303,2021-10-08 09:15:17,"@Mononoke__Hime $CEI 5 dollar next week possible #CEI #CNET 
‚úÖ‚úÖ‚úÖ‚úÖ‚úÖ‚úÖ‚úÖ
$CNET huge news can run into 5 dollar very soo‚Ä¶ https://t.co/e6nQ9RISWN"
304,2021-10-08 09:15:09,"@aylin2016aylin @JamesDoris19 $CEI 5 dollar next week possible #CEI #CNET 
‚úÖ‚úÖ‚úÖ‚úÖ‚úÖ‚úÖ‚úÖ
$CNET huge news can run into 5 d‚Ä¶ https://t.co/y6QEMFqgeq"
305,2021-10-08 09:15:01,"@GammaSqueeze509 $CEI 5 dollar next week possible #CEI #CNET 
‚úÖ‚úÖ‚úÖ‚úÖ‚úÖ‚úÖ‚úÖ
$CNET huge news can run into 5 dollar very so‚Ä¶ https://t.co/t84WyRphLI"
306,2021-10-08 09:14:56,"@montlymomentum $CEI 5 dollar next week possible #CEI #CNET 
‚úÖ‚úÖ‚úÖ‚úÖ‚úÖ‚úÖ‚úÖ
$CNET huge news can run into 5 dollar very soo‚Ä¶ https://t.co/67pYlQp01i"
307,2021-10-08 09:14:47,"@HouslerJames @elonmusk $CEI 5 dollar next week possible #CEI #CNET 
‚úÖ‚úÖ‚úÖ‚úÖ‚úÖ‚úÖ‚úÖ
$CNET huge news can run into 5 dollar‚Ä¶ https://t.co/L68Fxu0d8f"
308,2021-10-08 09:12:41,"https://t.co/SW7rAT9ZZS
$CEI 5 dollar üíµ 
$CNET could get deal with $GOOG https://t.co/OOzx5u6FL2"
309,2021-10-08 09:10:35,"$CEI 5 dollar next week possible #CEI #CNET 
‚úÖ‚úÖ‚úÖ‚úÖ‚úÖ‚úÖ‚úÖ
$CNET huge news can run into 5 dollar very soon best time to b‚Ä¶ https://t.co/nPpJFZBx70"
310,2021-10-08 09:10:03,"$CEI 5 dollar next week possible #CEI #CNET 
‚úÖ‚úÖ‚úÖ‚úÖ‚úÖ‚úÖ‚úÖ
$CNET huge news can run into 5 dollar very soon best time to b‚Ä¶ https://t.co/f6BT1N1msm"
311,2021-10-08 09:08:03,"RT @eDecision_Stock: Upcoming EarningsÔºö
$TLRY $BAC $LMT $NFLX $SNAP $TSLA 
$INTC $T $TSM $CLF $MC $AMD $CB $DTE $GOOG 
#trending #data #mar‚Ä¶"
312,2021-10-08 08:36:40,@Michigandolf I like when people boast about ‚ÄúHow to build a portfolio‚Äù then they post a screenshot and it‚Äôs $AAPL $MSFT $GOOG $AMZN &amp; $TSLA
313,2021-10-08 08:13:23,"The following image by @TheEconomist is something. 

Years to 1 *billion* users:
- Facebook $FB 8.6 years
- Youtube‚Ä¶ https://t.co/oqQtdOlPgq"
314,2021-10-08 07:46:30,UPDATE 1-Ireland told it can keep 12.5% corporate tax rate for smaller firms $GOOG https://t.co/6MypS0rfdI
315,2021-10-08 07:45:30,"UPDATE 4-Ireland agrees to global tax deal, sacrificing prized low rate $AAPL $GOOG $MSFT https://t.co/x7WejqMyD6"
316,2021-10-08 07:44:30,"Ireland agrees to global tax deal, sacrificing prized low rate $AAPL $GOOG $MSFT https://t.co/tm6NDKafuX"
317,2021-10-08 07:44:13,RT @pandabearchap: Tesla moving HQ from California to Texas: CEO Elon Musk promises 'ecological paradise' around the Colorado River https:/‚Ä¶
318,2021-10-08 07:42:45,"Upcoming EarningsÔºö
$TLRY $BAC $LMT $NFLX $SNAP $TSLA 
$INTC $T $TSM $CLF $MC $AMD $CB $DTE $GOOG 
#trending #data‚Ä¶ https://t.co/HDL8D7CvOw"
319,2021-10-08 07:24:58,"RT @Jack_Yang857: Upcoming EarningsÔºö
$TLRY $BAC $LMT $NFLX $SNAP $TSLA 
$INTC $T $TSM $CLF $MC $AMD $CB $DTE $GOOG 
#trending #data #market‚Ä¶"
320,2021-10-08 07:21:17,"RT @Jack_Yang857: Upcoming EarningsÔºö
$TLRY $BAC $LMT $NFLX $SNAP $TSLA 
$INTC $T $TSM $CLF $MC $AMD $CB $DTE $GOOG 
#trending #data #market‚Ä¶"
321,2021-10-08 07:21:04,"RT @eDecision_Stock: Upcoming EarningsÔºö
$TLRY $BAC $LMT $NFLX $SNAP $TSLA 
$INTC $T $TSM $CLF $MC $AMD $CB $DTE $GOOG 
#trending #data #mar‚Ä¶"
322,2021-10-08 07:14:55,"Upcoming EarningsÔºö
$TLRY $BAC $LMT $NFLX $SNAP $TSLA 
$INTC $T $TSM $CLF $MC $AMD $CB $DTE $GOOG 
#trending #data‚Ä¶ https://t.co/sU39BmY94C"
323,2021-10-08 07:13:07,"Upcoming EarningsÔºö
$TLRY $BAC $LMT $NFLX $SNAP $TSLA 
$INTC $T $TSM $CLF $MC $AMD $CB $DTE $GOOG https://t.co/qC89ORhkif"
324,2021-10-08 07:04:47,"RT @eDecision_Stock: Upcoming EarningsÔºö
$TLRY $BAC $LMT $NFLX $SNAP $TSLA 
$INTC $T $TSM $CLF $MC $AMD $CB $DTE $GOOG 
#trending #data #mar‚Ä¶"
325,2021-10-08 07:03:24,"Upcoming EarningsÔºö
$TLRY $BAC $LMT $NFLX $SNAP $TSLA 
$INTC $T $TSM $CLF $MC $AMD $CB $DTE $GOOG 
#trending #data‚Ä¶ https://t.co/1T3HivuIhO"
326,2021-10-08 06:41:00,"‚úÖ $GOOG: ""YouTube"" mentioned during Verallia ""Verallia SAS Capital Markets Day"" event https://t.co/rS4gmYBbyF"
327,2021-10-08 06:40:32,"RT @jchengery: If ByteDance launches platform as part of TikTok, will compete w #Facebook, #Instagram in #socialcommerce, if separate, will‚Ä¶"
328,2021-10-08 06:40:01,"If ByteDance launches platform as part of TikTok, will compete w #Facebook, #Instagram in #socialcommerce, if separ‚Ä¶ https://t.co/vabWZfBP0g"
329,2021-10-08 06:30:11,Will #ByteDance launch intl #ecommerce platform as part of #TikTok or separate? Former would enable it 2 bc leader‚Ä¶ https://t.co/zTTvFUvzT8
330,2021-10-08 06:20:02,"Via @eMarketer, 23.3% (64.7M) 14+ YO people in US 2 take part in cross-border #ecommerce in 2021, US‚Ä¶ https://t.co/u34iTbg7rY"
331,2021-10-08 06:11:39,"RT @jchengery: #TikTok owner #ByteDance looking 2 launch intl #ecommerce platform separate from partnerships w #Shopify, #Walmart, 2 likely‚Ä¶"
332,2021-10-08 06:10:32,"RT @jchengery: #TikTok owner #ByteDance looking 2 launch intl #ecommerce platform separate from partnerships w #Shopify, #Walmart, 2 likely‚Ä¶"
333,2021-10-08 06:10:02,"#TikTok owner #ByteDance looking 2 launch intl #ecommerce platform separate from partnerships w #Shopify, #Walmart,‚Ä¶ https://t.co/HHZT9bNqVm"
334,2021-10-08 06:09:49,$tsla #tesla $goog $amzn $aapl $lcid $nio $f $gm $spce $xpev $li https://t.co/KmBd4L48kb
335,2021-10-08 06:09:30,Why Vinco Ventures Shares Are Surging Higher $BBIG $GOOG $GOOGL $FB https://t.co/b4YUsmXOnJ
336,2021-10-08 06:08:17,Tesla moving HQ from California to Texas: CEO Elon Musk promises 'ecological paradise' around the Colorado River‚Ä¶ https://t.co/1dfPa7h2uh
337,2021-10-08 06:07:16,Tesla increases price of Model Y in Canada: https://t.co/MNgTtbukwQ $tsla #tesla $goog $amzn $aapl $lcid $nio $f $gm $spce $xpev $li
338,2021-10-08 06:00:43,ByteDance's #Ecommerce Expansion Goals Will Put the Budding US #SocialCommerce Market To the Test (@eMarketer)‚Ä¶ https://t.co/wMSD58Kggv
339,2021-10-08 05:58:58,"Disgrace...

$tsla #tesla $goog $amzn $aapl $lcid $nio $f $gm $spce $xpev $li @GovAbbott @elonmusk @WholeMarsBlog‚Ä¶ https://t.co/LZwPegemVX"
340,2021-10-08 05:52:04,$tsla #tesla $goog $amzn $aapl $lcid $nio $f $gm $spce $xpev $li https://t.co/xAfllv0aQT
341,2021-10-08 05:26:40,"RT @JubileeBumbleb2: Should Robinhood add $SHIB?

@vladtenev @RobinhoodApp 

$btc $eth $doge $amc $gme $f $cei $aapl $spy $uvxy $amzn $goog‚Ä¶"
342,2021-10-08 05:16:22,"RT @BAMinvestor: LOOK at this $GOOG vs $MSFT price action

This is an example of ONE algo driving two (fundamentally) different stocks duri‚Ä¶"
343,2021-10-08 04:55:21,"RT @BAMinvestor: LOOK at this $GOOG vs $MSFT price action

This is an example of ONE algo driving two (fundamentally) different stocks duri‚Ä¶"
344,2021-10-08 04:48:42,"‚ÄúInvest in what you consume‚Äù - Sha Osman

To get 30% off type SAVE

$LCID $AMZN $MSFT $HCMC $AAPL $SPY $TSLA $FB‚Ä¶ https://t.co/C6hStYHzHE"
345,2021-10-08 04:45:51,"$BTC $ETH $LINK $XTZ $ADA $VET $KNC $SXP $TWTR $ES $JD $BABA $BIDU $TME 
$SPY $QQQ $DIS $TSLA $SHOP
$AMD $AAPL $SQ‚Ä¶ https://t.co/PkF4M5NkBI"
346,2021-10-08 04:12:29,"The new #iOS15 feature you can now translate within iMessage üí¨ 

I have yet to use $GOOG translate app. 

This is w‚Ä¶ https://t.co/d2qoQZSbRP"
347,2021-10-08 04:02:58,"@max_gagliardi @hkuppy At one time the consensus was that the earth was flat................

We see how you are us‚Ä¶ https://t.co/ovivDTyxTp"
348,2021-10-08 03:55:57,"RT @earningsflyinc: Top 15 Artificial Intelligence stocks with market cap over 1 billion today. 

üëâ https://t.co/JkeqfGdrjq

$DAO $GH $TWLO‚Ä¶"
349,2021-10-08 03:52:55,"RT @earningsflyinc: Top 15 Artificial Intelligence stocks with market cap over 1 billion in 5 days. 

üëâ https://t.co/JkeqfGdrjq

$DAO $MSFT‚Ä¶"
350,2021-10-08 03:50:24,"RT @earningsflyinc: Top 15 Artificial Intelligence stocks with market cap over 1 billion in 60 days. 

üëâ https://t.co/9DknM3eL58

$UPST $TS‚Ä¶"
351,2021-10-08 03:45:18,@jonnajarian @MarketRebels @petenajarian $goog buying $sofi‚Ä¶‚Ä¶‚Ä¶?
352,2021-10-08 03:44:08,"$CRVS Share Price To Rise, Announcement Of Joint Venture With ""Top"" US Firm Readied For Release‚Ä¶ https://t.co/DUddBlNlBF"
353,2021-10-08 03:38:19,"RT @BAMinvestor: LOOK at this $GOOG vs $MSFT price action

This is an example of ONE algo driving two (fundamentally) different stocks duri‚Ä¶"
354,2021-10-08 03:02:26,"RT @JubileeBumbleb2: Should Robinhood add $SHIB?

@vladtenev @RobinhoodApp 

$btc $eth $doge $amc $gme $f $cei $aapl $spy $uvxy $amzn $goog‚Ä¶"
355,2021-10-08 03:01:15,"RT @JubileeBumbleb2: Should Robinhood add $SHIB?

@vladtenev @RobinhoodApp 

$btc $eth $doge $amc $gme $f $cei $aapl $spy $uvxy $amzn $goog‚Ä¶"
356,2021-10-08 03:00:05,"„ÄêGAFAM„Äë
üì± $GOOG 2783.71 (+1.33%)
üõí $AMZN 3302.43 (+1.24%)
üìò $FB 329.22 (-1.32%)
üçé $AAPL 143.29 (+0.91%)
üñ• $MSFT 294‚Ä¶ https://t.co/9X7dpMZaHa"
357,2021-10-08 02:58:41,"Should Robinhood add $SHIB?

@vladtenev @RobinhoodApp 

$btc $eth $doge $amc $gme $f $cei $aapl $spy $uvxy $amzn‚Ä¶ https://t.co/I0uyjZtXdd"
358,2021-10-08 02:57:52,"The ten trillion dollar man. ‚ÄúToday, BlackRock‚Äôs profit margins are fatter than those of $AAPL or $GOOG, &amp; its mark‚Ä¶ https://t.co/mXA8iKmfXg"
359,2021-10-08 02:35:08,"Top 15 Artificial Intelligence stocks with market cap over 1 billion in 60 days. 

üëâ https://t.co/9DknM3eL58

$UPST‚Ä¶ https://t.co/pmPiTRDPm1"
360,2021-10-08 02:30:08,"Top 15 Artificial Intelligence stocks with market cap over 1 billion in 5 days. 

üëâ https://t.co/JkeqfGdrjq

$DAO‚Ä¶ https://t.co/sNh3p8fgxy"
361,2021-10-08 02:25:09,"Top 15 Artificial Intelligence stocks with market cap over 1 billion today. 

üëâ https://t.co/JkeqfGdrjq

$DAO $GH‚Ä¶ https://t.co/nhIodyHehh"
362,2021-10-08 02:19:01,"@InvestiAnalyst For me losing $GOOG wld be a problem but mainly for Youtube, which I use frequently

The others in‚Ä¶ https://t.co/satWxDiyvt"
363,2021-10-08 02:16:39,$GOOG https://t.co/TLDBU327sA
364,2021-10-08 01:59:16,"RT @AlphaBetaAnil: Portfolio update

Top 10 positions:

$AMZN
$SE
$ADYEY
$MA
$NOW
$GOOG
$CRWD
$RNG
$TTD
$SWAV"
365,2021-10-08 01:49:29,"Bitcoin market cap to exceed that of $GOOG in 2022, perhaps in Q4 this year. Global hard money for store of value i‚Ä¶ https://t.co/OVYKmiro6c"
366,2021-10-08 01:46:13,RT @hikingskiing: I want to buy even more $TSLA but I won‚Äôt sell any $TQQQ $SHOP $GOOG. So I‚Äôm stuck. I like my portfolio a lot but only fo‚Ä¶
367,2021-10-08 01:36:58,I want to buy even more $TSLA but I won‚Äôt sell any $TQQQ $SHOP $GOOG. So I‚Äôm stuck. I like my portfolio a lot but only for me!
368,2021-10-08 01:32:30,"Microsoft, Amazon, Alphabet are reclaiming bullish technical levels $AMZN $MSFT $GOOG $GOOGL https://t.co/IAozxVQx7v"
369,2021-10-08 01:28:04,"Portfolio update

Top 10 positions:

$AMZN
$SE
$ADYEY
$MA
$NOW
$GOOG
$CRWD
$RNG
$TTD
$SWAV"
370,2021-10-08 00:45:02,"Breakdown of exp non-ecommerce/ecommerce #grocery sales btwn 2021-25: 90.4%/9.6%, 88.8%/11.2%, 87.1%/12.9%, 85.3%/1‚Ä¶ https://t.co/o75VAXNsOX"
371,2021-10-08 00:37:26,@sweatystartup Not sure Nick. iOS 14 privacy is wreaking havoc on advertisers. Ad spend is shifting from $FB over t‚Ä¶ https://t.co/efwD6Ak6Xm
372,2021-10-08 00:35:02,"#GrocerySales exp to reach $1.316T in 2022, $1.362T in 2023, $1.407T in 2024, $1.451T in 2025. #digitalmarketing‚Ä¶ https://t.co/vI3jeOTsEP"
373,2021-10-08 00:25:32,"RT @jchengery: #OnlineGrocery sales were +63.9% Y/Y in 2020, exp 2 rise 12.3% in 2021. #digitalmarketing #ecommerce #mcommerce #retail #ret‚Ä¶"
374,2021-10-08 00:25:14,"$GRST 

- POTENTIAL MANY 1,000%+++ GAINS SOON
- OTC PINK CURRENT
- MILLIONS WILL BE REPORTED IN REVENUE in NOV
- MU‚Ä¶ https://t.co/1NFtijtfuL"
375,2021-10-08 00:25:01,"#OnlineGrocery sales were +63.9% Y/Y in 2020, exp 2 rise 12.3% in 2021. #digitalmarketing #ecommerce #mcommerce‚Ä¶ https://t.co/jAlgqUsxG4"
376,2021-10-08 00:20:51,$GOOG $GOOGL Google engineers help Normative to build carbon emissions tracker https://t.co/7S9m7eOFrO
377,2021-10-08 00:17:28,"RT @jchengery: Grocery sales were +13% Y/Y in 2020, exp 2 rise 1.1% in 2021 (bc inflation, more spending shifted 2 out-of-home categories),‚Ä¶"
378,2021-10-08 00:15:01,"Grocery sales were +13% Y/Y in 2020, exp 2 rise 1.1% in 2021 (bc inflation, more spending shifted 2 out-of-home cat‚Ä¶ https://t.co/YZAvO3ABH6"
379,2021-10-08 00:09:16,"[ Last 2 Hours ]

Top Trending Stocks on #fintwit: 
1. $TSLA ü•á
2. $SNDL ü•à
3. $FCX ü•â
4. $APP
5. $AAPL
6. $DMTK
7.‚Ä¶ https://t.co/kRPuEoKClO"
380,2021-10-08 00:05:02,US #OnlineGrocery Sales Growth Will Decelerate (@eMarketer) https://t.co/OH0wKHKrP6 #digitalmarketing #ecommerce‚Ä¶ https://t.co/c7FvjpATcj
